"field_date","site_reach","sample_type","slide_rep","date_analyzed","method","microcoleus","non_algal","non_e_diatoms","e_diatoms","other_coccoids","green_algae","anabaena_and_cylindrospermum","oscillatoria","scytonema","geitlerinema","gloeotrichia","rivularia","nostoc","unknown","lyngbya","phormidium_unknown","calothrix","leptolyngbya","chroococcus","tolypothrix","nodularia","homoeothrix","aphanothece"
2022-07-12,"SAL-1S","TM","Final",2023-10-20,"preserved",90.5,3,5,0,0.5,1,0,0,0,0,0,0,0,0,0,0,0,0,0,0,0,0,0
2022-07-26,"SAL-1S","TM","Final",2023-10-23,"preserved",73,4,12,0,3,5,0,0,0,3,0,0,0,0,0,0,0,0,0,0,0,0,0
2022-07-12,"SAL-2","TM","Final",2023-10-20,"preserved",87,5,6,0,1,1,0,0,0,0,0,0,0,0,0,0,0,0,0,0,0,0,0
2022-07-26,"SAL-2","TM","Final",2023-10-23,"preserved",70,10,15,0,2,3,0,0,0,0,0,0,0,0,0,0,0,0,0,0,0,0,0
2022-07-12,"SAL-3","TM","1",2023-11-17,"preserved",50.8,40,5,0,1,1,0,0,0,2,0,0,0,0,0.1,0.1,0,0,0,0,0,0,0
2022-07-12,"SAL-3","TM","2",2023-11-17,"preserved",47.9,42,7,0.1,1,1,0,0,0,1,0,0,0,0,0,0,0,0,0,0,0,0,0
2022-07-12,"SAL-3","TM","3",2023-11-17,"preserved",46,45,5,0,1,2,0,0,0,1,0,0,0,0,0,0,0,0,0,0,0,0,0
2022-07-26,"SAL-3","TM","Final",2023-10-23,"preserved",81,6,8,0,2,1,0,0,0,2,0,0,0,0,0,0,0,0,0,0,0,0,0
2022-06-29,"SFE-M-1S","TM","Final",2023-10-03,"preserved",80,2,2,3,1,2,0,0,0,5,0,0,5,0,0,0,0,0,0,0,0,0,0
2022-07-14,"SFE-M-1S","TM","Final",2023-10-23,"preserved",69.9,6,5,5,2,2,5,0,0,0,0,0,5,0,0,0,0,0,0.1,0,0,0,0
2022-07-28,"SFE-M-1S","TM","Final",2023-10-24,"preserved",60,2,2,12,4,5,10,0,0,3,0,0,2,0,0,0,0,0,0,0,0,0,0
2022-08-10,"SFE-M-1S","TM","Final",2023-10-25,"preserved",65.9,5,6,6,3,3,3,0,0,8,0,0,0,0,0,0,0,0.1,0,0,0,0,0
2022-08-23,"SFE-M-1S","TM","Final",2023-10-31,"preserved",68,5,10,4,3,8,0,0,0,2,0,0,0,0,0,0,0,0,0,0,0,0,0
2022-09-06,"SFE-M-1S","TM","Final",2023-10-31,"preserved",57.9,8,2,9,6,10,1,0,0,2.5,0,0,1,0,0,0,0.1,2.5,0,0,0,0,0
2022-09-08,"SFE-M-1S","TM","Final",2023-11-01,"preserved",66.9,9,4,6,3,6,1,0,0,4,0,0,0,0,0,0,0,0.1,0,0,0,0,0
2022-09-17,"SFE-M-1S","TM","Final",2023-11-01,"preserved",56,9,3,5,10,8,2,0,0,5,0,0,2,0,0,0,0,0,0,0,0,0,0
2022-06-29,"SFE-M-3","TM","Final",2023-10-24,"preserved",77,3,4,6,1,6,0,0,0,1,0,0,2,0,0,0,0,0,0,0,0,0,0
2022-07-14,"SFE-M-3","TM","Final",2023-10-23,"preserved",62,7,10,5,2,4,8,0,0,0,0,0,2,0,0,0,0,0,0,0,0,0,0
2022-07-28,"SFE-M-3","TM","Final",2023-10-25,"preserved",54,2,8,12,3,10,5,0,3,1,0,0,2,0,0,0,0,0,0,0,0,0,0
2022-08-10,"SFE-M-3","TM","Final",2023-10-26,"preserved",70,2,3,7,5,8,3,0,0,2,0,0,0,0,0,0,0,0,0,0,0,0,0
2022-08-23,"SFE-M-3","TM","Final",2023-10-31,"preserved",80,5,3,5,1,5,0,0,0,1,0,0,0,0,0,0,0,0,0,0,0,0,0
2022-09-06,"SFE-M-3","TM","Final",2023-10-31,"preserved",78,6,2,3,2,8,0,0,0,1,0,0,0,0,0,0,0,0,0,0,0,0,0
2022-09-17,"SFE-M-3","TM","Final",2023-11-01,"preserved",69,12,5,5,2,4,0,0,0,3,0,0,0,0,0,0,0,0,0,0,0,0,0
2022-06-29,"SFE-M-4","TM","Final",2023-10-25,"preserved",54,2,11,5,3,5,0,0,0,0,0,0,20,0,0,0,0,0,0,0,0,0,0
2022-08-10,"SFE-M-4","TM","Final",2023-10-25,"preserved",33.8,6,4,25,3,7,10,0.1,0,5,0,0,1,0,0.1,0,0,5,0,0,0,0,0
2022-08-23,"SFE-M-4","TM","Final",2023-10-31,"preserved",58.9,6,4,8,5,12,1,3,0,2,0,0,0,0,0,0,0,0,0.1,0,0,0,0
2023-07-13,"SAL-1S","TM","1",2024-03-14,"preserved",15,81.7,3,0,0.1,0.1,0,0,0,0.1,0,0,0,0,0,0,0,0,0,0,0,0,0
2023-07-13,"SAL-1S","TM","2",2024-03-14,"preserved",20,71.8,7,0,0.1,1,0,0,0,0.1,0,0,0,0,0,0,0,0,0,0,0,0,0
2023-07-13,"SAL-1S","TM","3",2024-03-14,"preserved",30,57.8,10,0,0.1,1,0,0,0,1,0,0,0,0,0,0,0,0.1,0,0,0,0,0
2023-07-27,"SAL-1S","TM","1",2024-03-15,"preserved",40,51.9,6,0,0.1,1,0,0,0,1,0,0,0,0,0,0,0,0,0,0,0,0,0
2023-07-27,"SAL-1S","TM","2",2024-03-15,"preserved",41,51.9,5,0,0.1,1,0,0,0,1,0,0,0,0,0,0,0,0,0,0,0,0,0
2023-07-27,"SAL-1S","TM","3",2024-03-15,"preserved",38,47.9,10,0,0.1,2,0,0,0,2,0,0,0,0,0,0,0,0,0,0,0,0,0
2023-08-10,"SAL-1S","TM","Final",2023-08-15,"live",79.9,15,4,0.1,1,0,0,0,0,0,0,0,0,0,0,0,0,0,0,0,0,0,0
2023-07-13,"SAL-2","TM","1",2024-03-14,"preserved",15,77.9,5,0,0.1,1,0,0,0,1,0,0,0,0,0,0,0,0,0,0,0,0,0
2023-07-13,"SAL-2","TM","2",2024-03-14,"preserved",25,62.7,12,0,0.1,0.1,0,0,0,0.1,0,0,0,0,0,0,0,0,0,0,0,0,0
2023-07-13,"SAL-2","TM","3",2024-03-14,"preserved",35,52.8,10,0,0.1,0.1,0,0,0,1,0,0,0,0,0,0,0,1,0,0,0,0,0
2023-07-27,"SAL-2","TM","1",2024-03-15,"preserved",50.8,40,7,0,0.1,0.1,0,0,0,1,0,0,0,0,0,0,0,1,0,0,0,0,0
2023-07-27,"SAL-2","TM","2",2024-03-15,"preserved",43.9,45,8,0,0.1,1,0,0,0,1,0,0,0,0,0,0,0,1,0,0,0,0,0
2023-07-27,"SAL-2","TM","3",2024-03-15,"preserved",38.7,46,10,0,0.1,0.1,0.1,0,0,4,0,0,0,0,0,0,0,1,0,0,0,0,0
2023-08-10,"SAL-2","TM","Final",2023-08-16,"live",83,10,4,0,2,1,0,0,0,0,0,0,0,0,0,0,0,0,0,0,0,0,0
2023-06-28,"SAL-3","TM","1",2024-03-08,"preserved",35,60.9,4,0,0,0.1,0,0,0,0,0,0,0,0,0,0,0,0,0,0,0,0,0
2023-06-28,"SAL-3","TM","2",2024-03-08,"preserved",40,55,5,0,0,0,0,0,0,0,0,0,0,0,0,0,0,0,0,0,0,0,0
2023-06-28,"SAL-3","TM","3",2024-03-08,"preserved",20,75,5,0,0,0,0,0,0,0,0,0,0,0,0,0,0,0,0,0,0,0,0
2023-07-13,"SAL-3","TM","1",2024-03-14,"preserved",10,73.8,15,0,0,1,0,0,0,0.1,0,0,0,0,0,0,0,0.1,0,0,0,0,0
2023-07-13,"SAL-3","TM","2",2024-03-14,"preserved",17,66.9,14,0,0,1,0,0,0,1,0,0,0,0,0,0,0,0.1,0,0,0,0,0
2023-07-13,"SAL-3","TM","3",2024-03-14,"preserved",15,72.7,12,0,0,0.1,0,0,0,0.1,0,0,0,0,0,0,0,0.1,0,0,0,0,0
2023-07-27,"SAL-3","TM","1",2024-03-15,"preserved",58.7,35,6,0,0,0.1,0,0,0,0.1,0,0,0,0,0,0,0,0.1,0,0,0,0,0
2023-07-27,"SAL-3","TM","2",2024-03-15,"preserved",46,45,7,0,0,0,0,0,0,1,0,0,0,0,0,0,0,1,0,0,0,0,0
2023-07-27,"SAL-3","TM","3",2024-03-15,"preserved",47.8,46,6,0,0,0,0,0,0,0.1,0,0,0,0,0,0,0,0.1,0,0,0,0,0
2023-08-10,"SAL-3","TM","Final",2023-08-16,"live",74,5,3,2,1,15,0,0,0,0,0,0,0,0,0,0,0,0,0,0,0,0,0
2023-07-10,"SFE-M-1S","TM","1",2024-03-07,"preserved",54,12,25,3,2,3,0,0,0,1,0,0,0,0,0,0,0,0,0,0,0,0,0
2023-07-10,"SFE-M-1S","TM","2",2024-03-07,"preserved",71.9,7,10,3,3,2,0,0,0,3,0,0,0,0,0,0,0.1,0,0,0,0,0,0
2023-07-10,"SFE-M-1S","TM","3",2024-03-07,"preserved",91,5,1,1,1,1,0,0,0,0,0,0,0,0,0,0,0,0,0,0,0,0,0
2023-07-17,"SFE-M-1S","TM","1",2024-03-11,"preserved",51.9,18,9,5,3,10,0.1,0,0,1,0,0,0,0,0,0,2,0,0,0,0,0,0
2023-07-17,"SFE-M-1S","TM","2",2024-03-11,"preserved",69,15,8,3,2,2,0,0,0,1,0,0,0,0,0,0,0,0,0,0,0,0,0
2023-07-17,"SFE-M-1S","TM","3",2024-03-11,"preserved",61,16,7,2,2,11,0,0,0,1,0,0,0,0,0,0,0,0,0,0,0,0,0
2023-07-24,"SFE-M-1S","TM","1",2024-03-12,"preserved",68.9,7,5,1,1,12,0,0,0,3,0,0,2,0,0,0,0.1,0,0,0,0,0,0
2023-07-24,"SFE-M-1S","TM","2",2024-03-12,"preserved",81.9,8,3,1,1,3,0,0,0,2,0,0,0,0,0,0,0,0,0,0,0.1,0,0
2023-07-24,"SFE-M-1S","TM","3",2024-03-12,"preserved",75.8,15,3,1,1,3,0,0,0,1,0,0,0.1,0,0,0,0.1,0,0,0,0,0,0
2023-07-31,"SFE-M-1S","TM","1",2024-03-15,"preserved",42,17,6,7,3,10,5,0,0,3,0,0,0,0,0,0,3,2,2,0,0,0,0
2023-07-31,"SFE-M-1S","TM","2",2024-03-15,"preserved",42,19,5,5,2,11,6,0,0,3,0,0,0,0,0,0,4,1,2,0,0,0,0
2023-07-31,"SFE-M-1S","TM","3",2024-03-15,"preserved",51,13,5,8,3,9,4,0,0,2,0,0,0,0,0,0,3,1,1,0,0,0,0
2023-08-07,"SFE-M-1S","TM","1",2024-03-12,"preserved",47.9,15,7,5,2,6,1,0,0,2,0,10,0,0,0,0,0.1,2,2,0,0,0,0
2023-08-07,"SFE-M-1S","TM","2",2024-03-12,"preserved",89,5,1,1,1,2,0,0,0,1,0,0,0,0,0,0,0,0,0,0,0,0,0
2023-08-07,"SFE-M-1S","TM","3",2024-03-12,"preserved",73.9,13,2,1,3,5,1,0,0,1,0,0,0,0,0,0,0.1,0,0,0,0,0,0
2023-08-14,"SFE-M-1S","TM","Final",2023-08-23,"live",75.9,3,3,2,5,10,1,0.1,0,0,0,0,0,0,0,0,0,0,0,0,0,0,0
2023-08-22,"SFE-M-1S","TM","Final",2023-08-30,"live",74,5,1,2,3,15,0,0,0,0,0,0,0,0,0,0,0,0,0,0,0,0,0
2023-08-28,"SFE-M-1S","TM","Final",2023-09-05,"live",87,3,2,0,2,5,0,0,0,1,0,0,0,0,0,0,0,0,0,0,0,0,0
2023-09-04,"SFE-M-1S","TM","Final",2023-09-11,"live",77.9,8,5,1,2,6,0.1,0,0,0,0,0,0,0,0,0,0,0,0,0,0,0,0
2023-09-12,"SFE-M-1S","TM","Final",2023-09-19,"live",59.9,5,3,2,2,18,0.1,0,0,0,10,0,0,0,0,0,0,0,0,0,0,0,0
2023-09-18,"SFE-M-1S","TM","Final",2023-09-21,"live",64.8,5,4,6,5,15,0.1,0,0,0.1,0,0,0,0,0,0,0,0,0,0,0,0,0
2023-09-24,"SFE-M-1S","TM","Final",2023-09-28,"live",63.9,15,3,7,2,9,0.1,0,0,0,0,0,0,0,0,0,0,0,0,0,0,0,0
2023-07-10,"SFE-M-2","TM","1",2024-03-11,"preserved",61,12,8,2,1,15,0,0,0,1,0,0,0,0,0,0,0,0,0,0,0,0,0
2023-07-10,"SFE-M-2","TM","2",2024-03-11,"preserved",70,15,9,1,1,3,0,0,0,1,0,0,0,0,0,0,0,0,0,0,0,0,0
2023-07-10,"SFE-M-2","TM","3",2024-03-11,"preserved",68.9,20,7,1,1,1,0,0,0,1,0,0,0,0.1,0,0,0,0,0,0,0,0,0
2023-07-24,"SFE-M-2","TM","1",2024-03-12,"preserved",57,30,5,3,2,2,0,0,0,1,0,0,0,0,0,0,0,0,0,0,0,0,0
2023-07-24,"SFE-M-2","TM","2",2024-03-12,"preserved",48.9,40,4,3,1,1,0.1,0,0,2,0,0,0,0,0,0,0,0,0,0,0,0,0
2023-07-24,"SFE-M-2","TM","3",2024-03-12,"preserved",41.9,45,4,4,1,3,0.1,0,0,1,0,0,0,0,0,0,0,0,0,0,0,0,0
2023-07-31,"SFE-M-2","TM","1",2024-03-18,"preserved",64,10,6,7,1,4,5,0,0,3,0,0,0,0,0,0,0,0,0,0,0,0,0
2023-07-31,"SFE-M-2","TM","2",2024-03-18,"preserved",55,15,7,7,2,5,6,0,0,3,0,0,0,0,0,0,0,0,0,0,0,0,0
2023-07-31,"SFE-M-2","TM","3",2024-03-18,"preserved",54,16,7,8,3,4,6,0,0,2,0,0,0,0,0,0,0,0,0,0,0,0,0
2023-08-07,"SFE-M-2","TM","1",2024-03-13,"preserved",31,25,9,16,3,4,5,0,0,6,0,0,0,0,0,0,1,0,0,0,0,0,0
2023-08-07,"SFE-M-2","TM","2",2024-03-13,"preserved",32.8,20,10,16,3,5,7,0,0,6,0,0,0,0,0,0,0.1,0,0.1,0,0,0,0
2023-08-07,"SFE-M-2","TM","3",2024-03-13,"preserved",35,19,9,14,4,7,7,0,0,5,0,0,0,0,0,0,0,0,0,0,0,0,0
2023-08-14,"SFE-M-2","TM","Final",2023-08-25,"live",66.9,5,15,2,1,10,0.1,0,0,0,0,0,0,0,0,0,0,0,0,0,0,0,0
2023-08-22,"SFE-M-2","TM","Final",2023-08-31,"live",80,5,3,2,3,2,4,0,0,1,0,0,0,0,0,0,0,0,0,0,0,0,0
2023-08-28,"SFE-M-2","TM","Final",2023-09-05,"live",92,3,1,1,1,2,0,0,0,0,0,0,0,0,0,0,0,0,0,0,0,0,0
2023-09-04,"SFE-M-2","TM","Final",2023-09-11,"live",90,5,3,0,1,1,0,0,0,0,0,0,0,0,0,0,0,0,0,0,0,0,0
2023-09-12,"SFE-M-2","TM","Final",2023-09-19,"live",83.8,5,2,1,1,7,0.1,0,0,0.1,0,0,0,0,0,0,0,0,0,0,0,0,0
2023-09-18,"SFE-M-2","TM","Final",2023-09-21,"live",77,15,2,1,2,3,0,0,0,0,0,0,0,0,0,0,0,0,0,0,0,0,0
2023-09-24,"SFE-M-2","TM","Final",2023-09-28,"live",78.7,7,8,0.1,1,5,0.1,0,0,0,0,0,0,0.1,0,0,0,0,0,0,0,0,0
2023-07-03,"SFE-M-3","TM","1",2024-03-07,"preserved",74.9,15,3,1,1,5,0,0,0,0.1,0,0,0,0,0,0,0,0,0,0,0,0,0
2023-07-03,"SFE-M-3","TM","2",2024-03-07,"preserved",80.8,7,3,1,2,6,0,0,0,0.1,0,0,0,0,0,0,0,0.1,0,0,0,0,0
2023-07-03,"SFE-M-3","TM","3",2024-03-07,"preserved",83.9,7,3,1,2,3,0,0,0,0.1,0,0,0,0,0,0,0,0,0,0,0,0,0
2023-07-10,"SFE-M-3","TM","1",2024-03-08,"preserved",76.9,15,5,0,1,2,0,0,0,0,0,0,0.1,0,0,0,0,0,0,0,0,0,0
2023-07-10,"SFE-M-3","TM","2",2024-03-08,"preserved",74,12,8,0,3,3,0,0,0,0,0,0,0,0,0,0,0,0,0,0,0,0,0
2023-07-10,"SFE-M-3","TM","3",2024-03-08,"preserved",63.9,20,9,0,3,4,0,0,0,0,0,0,0.1,0,0,0,0,0,0,0,0,0,0
2023-07-17,"SFE-M-3","TM","1",2024-03-14,"preserved",67,15,5,4,2,3,0,0,0,3,0,0,0,0,0,0,1,0,0,0,0,0,0
2023-07-17,"SFE-M-3","TM","2",2024-03-14,"preserved",68,20,4,3,1,2,0,0,0,2,0,0,0,0,0,0,0,0,0,0,0,0,0
2023-07-17,"SFE-M-3","TM","3",2024-03-14,"preserved",66,17,4,3,2,3,0,0,0,2,0,0,0,0,0,0,3,0,0,0,0,0,0
2023-07-24,"SFE-M-3","TM","1",2023-11-17,"preserved",43,25,4,5,2,15,0,0,0,3,0,0,0,3,0,0,0,0,0,0,0,0,0
2023-07-24,"SFE-M-3","TM","2",2023-11-17,"preserved",48,20,6,7,5,12,0,0,0,2,0,0,0,0,0,0,0,0,0,0,0,0,0
2023-07-24,"SFE-M-3","TM","3",2023-11-17,"preserved",60,10,3,4,3,14,0,0,0,2,0,0,0,4,0,0,0,0,0,0,0,0,0
2023-07-31,"SFE-M-3","TM","1",2024-03-18,"preserved",64.9,10,5,5,2,7,3,0,0,2,0,0,0,0,0,0,0,1,0.1,0,0,0,0
2023-07-31,"SFE-M-3","TM","2",2024-03-18,"preserved",59.9,9,6,10,3,6,5,0,0,1,0,0,0,0,0,0,0,0,0.1,0,0,0,0
2023-07-31,"SFE-M-3","TM","3",2024-03-18,"preserved",61.9,6,6,11,3,5,6,0,0,1,0,0,0,0,0,0,0,0,0.1,0,0,0,0
2023-08-07,"SFE-M-3","TM","1",2024-03-13,"preserved",46.9,13,10,15,3,4,0,0,0,5,0,0,0,0,0,0,3,0,0.1,0,0,0,0
2023-08-07,"SFE-M-3","TM","2",2024-03-13,"preserved",63.9,11,9,8,2,3,0,0,0,3,0,0,0,0,0,0,0,0,0.1,0,0,0,0
2023-08-07,"SFE-M-3","TM","3",2024-03-13,"preserved",51.7,15,8,8,3,8,3,0,0,3,0,0,0,0,0,0,0.1,0,0.1,0,0,0.1,0
2023-08-14,"SFE-M-3","TM","Final",2023-08-25,"live",73.9,5,2,10,1,8,0.1,0,0,0,0,0,0,0,0,0,0,0,0,0,0,0,0
2023-08-22,"SFE-M-3","TM","Final",2023-08-31,"live",60,8,10,10,5,4,2,0,0,1,0,0,0,0,0,0,0,0,0,0,0,0,0
2023-08-28,"SFE-M-3","TM","Final",2023-09-06,"live",78,8,3,4,1,6,0,0,0,0,0,0,0,0,0,0,0,0,0,0,0,0,0
2023-09-04,"SFE-M-3","TM","Final",2023-09-14,"live",73.9,9,4,6,2,5,0.1,0,0,0,0,0,0,0,0,0,0,0,0,0,0,0,0
2023-09-12,"SFE-M-3","TM","Final",2023-09-19,"live",76.9,6,2,0.1,5,10,0,0,0,0,0,0,0,0,0,0,0,0,0,0,0,0,0
2023-09-18,"SFE-M-3","TM","Final",2023-09-26,"live",74.8,10,2,0.1,5,8,0,0,0,0,0,0,0,0.1,0,0,0,0,0,0,0,0,0
2023-09-24,"SFE-M-3","TM","Final",2023-09-28,"live",69.6,10,6,2,4,8,0.1,0,0.1,0,0,0.1,0,0.1,0,0,0,0,0,0,0,0,0
2023-08-07,"SFE-M-4","TM","1",2024-03-13,"preserved",45,44,2,3,1,2,2,0,0,1,0,0,0,0,0,0,0,0,0,0,0,0,0
2023-08-07,"SFE-M-4","TM","2",2024-03-13,"preserved",43.9,35,5,5,2,3,4,0,0,2,0,0,0,0,0,0,0,0,0.1,0,0,0,0
2023-08-07,"SFE-M-4","TM","3",2024-03-13,"preserved",45,30,6,6,2,3,5,0,0,3,0,0,0,0,0,0,0,0,0,0,0,0,0
2023-08-22,"SFE-M-4","TM","Final",2023-08-31,"live",52,10,5,8,3,12,3,5,0,2,0,0,0,0,0,0,0,0,0,0,0,0,0
2023-09-04,"SFE-M-4","TM","Final",2023-09-14,"live",79.9,10,2,0.1,3,5,0,0,0,0,0,0,0,0,0,0,0,0,0,0,0,0,0
2023-09-12,"SFE-M-4","TM","1",2023-11-17,"preserved",68,15,4,3,2,5,0,0,0,3,0,0,0,0,0,0,0,0,0,0,0,0,0
2023-09-12,"SFE-M-4","TM","2",2023-11-17,"preserved",72,12,2,2,1,9,0,0,0,2,0,0,0,0,0,0,0,0,0,0,0,0,0
2023-09-12,"SFE-M-4","TM","3",2023-11-17,"preserved",68,10,6,5,1,8,0,0,0,2,0,0,0,0,0,0,0,0,0,0,0,0,0
2023-09-18,"SFE-M-4","TM","Final",2023-09-26,"live",69,12,15,0,1,3,0,0,0,0,0,0,0,0,0,0,0,0,0,0,0,0,0
2023-09-24,"SFE-M-4","TM","Final",2023-09-28,"live",66.8,12,15,0.1,1,5,0.1,0,0,0,0,0,0,0,0,0,0,0,0,0,0,0,0
2023-07-10,"SFE-SH-1S","TM","1",2024-03-07,"preserved",71,7,6,3,2,5,0,0,0,1,0,0,0,0,0,0,0,0,0,5,0,0,0
2023-07-10,"SFE-SH-1S","TM","2",2024-03-07,"preserved",76.9,6,8,4,1,3,0,0,0,1,0,0,0.1,0,0,0,0,0,0,0,0,0,0
2023-07-10,"SFE-SH-1S","TM","3",2024-03-07,"preserved",70.9,10,8,3,2,5,0,0,0,1,0,0,0,0,0,0,0,0.1,0,0,0,0,0
2023-07-17,"SFE-SH-1S","TM","1",2024-03-11,"preserved",57.8,15,10,4,2,6,0,0,0,2,0,0,0.1,0,0,0,3,0,0,0.1,0,0,0
2023-07-17,"SFE-SH-1S","TM","2",2024-03-11,"preserved",64.8,10,11,3,2,7,0,0,0,2,0,0,0.1,0,0,0,0.1,0,0,0,0,0,0
2023-07-17,"SFE-SH-1S","TM","3",2024-03-11,"preserved",63.9,11,12,3,1,7,0,0,0,2,0,0,0,0,0,0,0.1,0,0,0,0,0,0
2023-07-24,"SFE-SH-1S","TM","1",2024-03-12,"preserved",59,10,7,6,5,7,3,0,0,1,0,0,0,0,0,0,2,0,0,0,0,0,0
2023-07-24,"SFE-SH-1S","TM","2",2024-03-12,"preserved",53,15,8,7,4,10,2,0,0,1,0,0,0,0,0,0,0,0,0,0,0,0,0
2023-07-24,"SFE-SH-1S","TM","3",2024-03-12,"preserved",43,25,7,5,3,11,5,0,0,1,0,0,0,0,0,0,0,0,0,0,0,0,0
2023-07-31,"SFE-SH-1S","TM","1",2024-03-15,"preserved",38,17,8,8,3,10,5,0,0,2,0,0,2,0,3,0,3,0,1,0,0,0,0
2023-07-31,"SFE-SH-1S","TM","2",2024-03-15,"preserved",21,11,14,10,3,17,7,0,0,3,0,0,3,0,4,0,4,2,1,0,0,0,0
2023-07-31,"SFE-SH-1S","TM","3",2024-03-15,"preserved",20,12,13,11,4,15,9,0,0,3,0,0,3,0,3,0,5,1,1,0,0,0,0
2023-08-14,"SFE-SH-1S","TM","Final",2023-08-23,"live",52,5,10,10,2,20,1,0,0,0,0,0,0,0,0,0,0,0,0,0,0,0,0
2023-08-22,"SFE-SH-1S","TM","Final",2023-08-30,"live",81.9,5,2,1,8,2,0.1,0,0,0,0,0,0,0,0,0,0,0,0,0,0,0,0
2023-08-28,"SFE-SH-1S","TM","Final",2023-09-05,"live",73,4,4,6,5,8,0,0,0,0,0,0,0,0,0,0,0,0,0,0,0,0,0
2023-09-04,"SFE-SH-1S","TM","Final",2023-09-11,"live",71,10,5,2,4,8,0,0,0,0,0,0,0,0,0,0,0,0,0,0,0,0,0
2023-09-12,"SFE-SH-1S","TM","Final",2023-09-14,"live",79,5,3,4,3,6,0,0,0,0,0,0,0,0,0,0,0,0,0,0,0,0,0
2023-09-18,"SFE-SH-1S","TM","Final",2023-09-21,"live",58,10,3,2,6,20,0,0,1,0,0,0,0,0,0,0,0,0,0,0,0,0,0
2023-09-24,"SFE-SH-1S","TM","Final",2023-09-26,"live",70.9,4,8,2,3,12,0,0.1,0,0,0,0,0,0,0,0,0,0,0,0,0,0,0
2022-07-20,"RUS-1S","TAC","1",2023-11-06,"preserved",0,3,3,5,1,74,12,0,0,2,0,0,0,0,0,0,0,0,0,0,0,0,0
2022-07-20,"RUS-1S","TAC","2",2023-11-06,"preserved",0,7,5,7,2,64,12,0,0,3,0,0,0,0,0,0,0,0,0,0,0,0,0
2022-07-20,"RUS-1S","TAC","3",2023-11-06,"preserved",0,10,9,8,1,55,13,0,0,4,0,0,0,0,0,0,0,0,0,0,0,0,0
2022-08-02,"RUS-1S","TAC","1",2023-11-08,"preserved",0,8,5,7,2,62,13,0,0,3,0,0,0,0,0,0,0,0,0,0,0,0,0
2022-08-02,"RUS-1S","TAC","2",2023-11-08,"preserved",0,6,4,5,2,60,20,0,0,3,0,0,0,0,0,0,0,0,0,0,0,0,0
2022-08-02,"RUS-1S","TAC","3",2023-11-08,"preserved",0,3,4,3,1,78,10,0,0,1,0,0,0,0,0,0,0,0,0,0,0,0,0
2022-08-17,"RUS-1S","TAC","1",2023-11-17,"preserved",0,10,15,14,5,23,23,7,0,3,0,0,0,0,0,0,0,0,0,0,0,0,0
2022-08-17,"RUS-1S","TAC","2",2023-11-17,"preserved",0.1,12,17,15,4,15,26.9,6,0,4,0,0,0,0,0,0,0,0,0,0,0,0,0
2022-08-17,"RUS-1S","TAC","3",2023-11-17,"preserved",0.1,15,18,15,5,17,21.9,5,0,3,0,0,0,0,0,0,0,0,0,0,0,0,0
2022-09-01,"RUS-1S","TAC","1",2023-11-20,"preserved",5,25,7,7,6,18,26.9,2,0,3,0,0,0,0,0,0,0,0,0,0,0,0.1,0
2022-09-01,"RUS-1S","TAC","2",2023-11-20,"preserved",0,22,10,9,5,20,20,2,0,5,0,0,0,1,0,6,0,0,0,0,0,0,0
2022-09-01,"RUS-1S","TAC","3",2023-11-20,"preserved",0,28,8,7,5,17,26,1,0,2,0,0,0,3,0,3,0,0,0,0,0,0,0
2022-09-15,"RUS-1S","TAC","1",2023-11-28,"preserved",0,15,16,8,3,26,24,5,0,1,0,0,0,0,0,2,0,0,0,0,0,0,0
2022-09-15,"RUS-1S","TAC","2",2023-11-28,"preserved",0.1,18,17,7,5,24.9,18,7,0,2,0,0,0,0,0,1,0,0,0,0,0,0,0
2022-09-15,"RUS-1S","TAC","3",2023-11-28,"preserved",0.1,16,15,8,5,27.9,20,6,0,1,0,0,0,0,0,1,0,0,0,0,0,0,0
2022-07-20,"RUS-2","TAC","1",2023-11-06,"preserved",0.1,6,7,6,1,54.9,20,0,0,5,0,0,0,0,0,0,0,0,0,0,0,0,0
2022-07-20,"RUS-2","TAC","2",2023-11-06,"preserved",0.1,6,8,5,1,53.9,22,0,0,4,0,0,0,0,0,0,0,0,0,0,0,0,0
2022-07-20,"RUS-2","TAC","3",2023-11-06,"preserved",0.1,7,6,5,1,51.9,25,0,0,4,0,0,0,0,0,0,0,0,0,0,0,0,0
2022-08-02,"RUS-2","TAC","1",2023-11-08,"preserved",0,10,7,5,2,39,30,0,0,2,0,0,5,0,0,0,0,0,0,0,0,0,0
2022-08-02,"RUS-2","TAC","2",2023-11-08,"preserved",0,12,5,5,1,47,28,0,0,1,0,0,1,0,0,0,0,0,0,0,0,0,0
2022-08-02,"RUS-2","TAC","3",2023-11-08,"preserved",0,15,4,4,3,42,20,0,0,2,0,0,10,0,0,0,0,0,0,0,0,0,0
2022-08-17,"RUS-2","TAC","1",2023-11-20,"preserved",0.1,25,10,8,2,18,29.8,0.1,0,7,0,0,0,0,0,0,0,0,0,0,0,0,0
2022-08-17,"RUS-2","TAC","2",2023-11-20,"preserved",0.1,28,15,9,2,12,25.8,0.1,0,8,0,0,0,0,0,0,0,0,0,0,0,0,0
2022-08-17,"RUS-2","TAC","3",2023-11-20,"preserved",0,22,10,9,5,11,35.9,0.1,0,7,0,0,0,0,0,0,0,0,0,0,0,0,0
2022-09-01,"RUS-2","TAC","1",2023-11-20,"preserved",1,30,6,7,3,25,18,1,0,4,0,0,0,0,0,5,0,0,0,0,0,0,0
2022-09-01,"RUS-2","TAC","2",2023-11-20,"preserved",0,22,7,7,5,20,29,1,0,3,0,0,0,0,0,6,0,0,0,0,0,0,0
2022-09-01,"RUS-2","TAC","3",2023-11-20,"preserved",0.1,25,5,4,3,25,33.9,1,0,2,0,0,0,0,0,1,0,0,0,0,0,0,0
2022-09-15,"RUS-2","TAC","1",2023-11-30,"preserved",0.1,9,10,4,7,33.9,26,2,0,5,0,0,0,0,0,3,0,0,0,0,0,0,0
2022-09-15,"RUS-2","TAC","2",2023-11-30,"preserved",0,12,15,3,6,25,25,2,0,7,0,0,0,0,0,5,0,0,0,0,0,0,0
2022-09-15,"RUS-2","TAC","3",2023-11-30,"preserved",0,15,12,3,8,29,22,1,0,5,0,0,0,0,0,5,0,0,0,0,0,0,0
2022-07-20,"RUS-3","TAC","1",2023-11-07,"preserved",0,7,6,5,5,59,15,0,0,3,0,0,0,0,0,0,0,0,0,0,0,0,0
2022-07-20,"RUS-3","TAC","2",2023-11-07,"preserved",0,9,5,4,6,61,13,0,0,2,0,0,0,0,0,0,0,0,0,0,0,0,0
2022-07-20,"RUS-3","TAC","3",2023-11-07,"preserved",0,5,4,3,5,66,15,0,0,2,0,0,0,0,0,0,0,0,0,0,0,0,0
2022-08-17,"RUS-3","TAC","1",2023-11-20,"preserved",0,10,14,13,5,12,40,0,0,6,0,0,0,0,0,0,0,0,0,0,0,0,0
2022-08-17,"RUS-3","TAC","2",2023-11-20,"preserved",0.1,20,17,16,5,15,18.9,0,0,8,0,0,0,0,0,0,0,0,0,0,0,0,0
2022-08-17,"RUS-3","TAC","3",2023-11-20,"preserved",0,18,18,17,6,14,21,0,0,5,0,0,1,0,0,0,0,0,0,0,0,0,0
2022-09-01,"RUS-3","TAC","1",2023-11-21,"preserved",0.1,5,8,7,3,45.9,19,1,0,3,0,0,0,6,0,2,0,0,0,0,0,0,0
2022-09-01,"RUS-3","TAC","2",2023-11-21,"preserved",0.1,15,10,7,5,34.9,22,2,0,4,0,0,0,0,0,0,0,0,0,0,0,0,0
2022-09-01,"RUS-3","TAC","3",2023-11-21,"preserved",0.1,13,10,5,5,32.9,19,0,0,4,0,0,0,0,10,1,0,0,0,0,0,0,0
2022-09-15,"RUS-3","TAC","1",2023-11-30,"preserved",0.1,17,10,5,9,26.9,16,3,0,6,0,0,0,0,0,7,0,0,0,0,0,0,0
2022-09-15,"RUS-3","TAC","2",2023-11-30,"preserved",0,23,13,5,7,25,10,4,0,5,0,0,0,0,0,8,0,0,0,0,0,0,0
2022-09-15,"RUS-3","TAC","3",2023-11-30,"preserved",0.1,24,14,3,6,25.9,12,3,0,7,0,0,0,0,0,5,0,0,0,0,0,0,0
2022-09-22,"SAL-3","TAC","1",2023-11-30,"preserved",0.1,20,13,9,8,26.9,18,0,0,5,0,0,0,0,0,0,0,0,0,0,0,0,0
2022-09-22,"SAL-3","TAC","2",2023-11-30,"preserved",0.1,23,14,11,7,16.9,20,0,0,8,0,0,0,0,0,0,0,0,0,0,0,0,0
2022-09-22,"SAL-3","TAC","3",2023-11-30,"preserved",0.1,19,10,5,7,34.8,17,1,0,6,0,0,0,0,0,0.1,0,0,0,0,0,0,0
2022-07-14,"SFE-M-1S","TAC","1",2023-11-07,"preserved",0.1,3,14,15,1,35.8,30,0,0,1,0,0,0,0,0,0,0,0,0,0,0.1,0,0
2022-07-14,"SFE-M-1S","TAC","2",2023-11-07,"preserved",0.1,4,14,15,2,37.9,25,0,0,2,0,0,0,0,0,0,0,0,0,0,0,0,0
2022-07-14,"SFE-M-1S","TAC","3",2023-11-07,"preserved",0,4,15,16,5,34.8,23,0,0,2,0,0,0.1,0,0,0,0,0,0,0,0.1,0,0
2022-07-28,"SFE-M-1S","TAC","1",2023-11-07,"preserved",0.1,10,7,9,1,56.9,14,0,0,2,0,0,0,0,0,0,0,0,0,0,0,0,0
2022-07-28,"SFE-M-1S","TAC","2",2023-11-07,"preserved",0.1,10,13,20,1,27.9,25,0,0,3,0,0,0,0,0,0,0,0,0,0,0,0,0
2022-07-28,"SFE-M-1S","TAC","3",2023-11-07,"preserved",0.1,12,10,17,1,33.9,22,0,0,4,0,0,0,0,0,0,0,0,0,0,0,0,0
2022-08-10,"SFE-M-1S","TAC","1",2023-11-09,"preserved",5,4,3,4,2,10,67,0,0,5,0,0,0,0,0,0,0,0,0,0,0,0,0
2022-08-10,"SFE-M-1S","TAC","2",2023-11-09,"preserved",11,8,6,5,4,12,49,0,0,5,0,0,0,0,0,0,0,0,0,0,0,0,0
2022-08-10,"SFE-M-1S","TAC","3",2023-11-09,"preserved",15,9,6,5,5,13,41.9,0.1,0,5,0,0,0,0,0,0,0,0,0,0,0,0,0
2022-09-06,"SFE-M-1S","TAC","1",2023-11-28,"preserved",0,12,18,10,7,32,13,0,0,1,0,0,7,0,0,0,0,0,0,0,0,0,0
2022-09-06,"SFE-M-1S","TAC","2",2023-11-28,"preserved",0.1,20,15,8,6,21.9,18,0,0,1,0,0,10,0,0,0,0,0,0,0,0,0,0
2022-09-06,"SFE-M-1S","TAC","3",2023-11-28,"preserved",0,15,16,5,6,35,16,0,0,1,0,0,6,0,0,0,0,0,0,0,0,0,0
2022-09-17,"SFE-M-1S","TAC","1",2023-11-30,"preserved",0,10,10,7,6,39,12,1,4,3,0,0,3,0,0,0,5,0,0,0,0,0,0
2022-09-17,"SFE-M-1S","TAC","2",2023-11-30,"preserved",0,12,9,5,7,44,15,2,0,6,0,0,0,0,0,0,0,0,0,0,0,0,0
2022-09-17,"SFE-M-1S","TAC","3",2023-11-30,"preserved",0,10,12,6,5,39,18,2,0,5,2,0,1,0,0,0,0,0,0,0,0,0,0
2022-07-14,"SFE-M-3","TAC","1",2023-12-04,"preserved",0.1,12,8,8,7,30.9,30,0,0,3,0,0,1,0,0,0,0,0,0,0,0,0,0
2022-07-14,"SFE-M-3","TAC","2",2023-12-04,"preserved",1,10,13,15,9,22.7,24,0,0,5,0,0,0,0.1,0.1,0,0,0,0,0,0.1,0,0
2022-07-14,"SFE-M-3","TAC","3",2023-12-04,"preserved",1,10,15,14,10,19.8,25,0,0,5,0,0,0,0,0.1,0,0,0,0,0,0.1,0,0
2022-07-28,"SFE-M-3","TAC","1",2023-11-08,"preserved",2,7,8,9,5,38.9,26,0.1,0,3,0,0,1,0,0,0,0,0,0,0,0,0,0
2022-07-28,"SFE-M-3","TAC","2",2023-11-08,"preserved",2,11,9,10,5,36.9,22,0.1,0,4,0,0,0,0,0,0,0,0,0,0,0,0,0
2022-07-28,"SFE-M-3","TAC","3",2023-11-08,"preserved",2,12,11,12,5,27.9,24,0.1,0,6,0,0,0,0,0,0,0,0,0,0,0,0,0
2022-08-10,"SFE-M-3","TAC","1",2023-11-13,"preserved",0.1,10,15,14,8,9,41.9,0,0,2,0,0,0,0,0,0,0,0,0,0,0,0,0
2022-08-10,"SFE-M-3","TAC","2",2023-11-13,"preserved",1,13,12,11,7,12,41,0,0,3,0,0,0,0,0,0,0,0,0,0,0,0,0
2022-08-10,"SFE-M-3","TAC","3",2023-11-13,"preserved",0.1,10,10,10,6,8,53.9,0,0,2,0,0,0,0,0,0,0,0,0,0,0,0,0
2022-08-23,"SFE-M-3","TAC","1",2023-11-20,"preserved",0.1,5,8,8,2,58.9,15,0,0,3,0,0,0,0,0,0,0,0,0,0,0,0,0
2022-08-23,"SFE-M-3","TAC","2",2023-11-20,"preserved",0.1,7,9,10,3,52.8,15,0,0,3,0,0,0,0,0,0,0,0,0,0,0.1,0,0
2022-08-23,"SFE-M-3","TAC","3",2023-11-20,"preserved",0.1,9,8,9,7,46.9,16,0,0,4,0,0,0,0,0,0,0,0,0,0,0,0,0
2022-07-14,"SFE-M-4","TAC","1",2023-11-06,"preserved",0.1,5,9,10,3,53.9,16,0,0,3,0,0,0,0,0,0,0,0,0,0,0,0,0
2022-07-14,"SFE-M-4","TAC","2",2023-11-06,"preserved",0,4,8,9,2,60.9,14,0,0,2,0,0,0,0,0,0,0,0,0,0,0.1,0,0
2022-07-14,"SFE-M-4","TAC","3",2023-11-06,"preserved",0,4,6,7,2,61,17,0,0,3,0,0,0,0,0,0,0,0,0,0,0,0,0
2022-07-28,"SFE-M-4","TAC","1",2023-11-08,"preserved",1,7,13,14,3,14.9,45,0.1,0,2,0,0,0,0,0,0,0,0,0,0,0,0,0
2022-07-28,"SFE-M-4","TAC","2",2023-11-08,"preserved",1,9,9,10,7,29,30,0,0,5,0,0,0,0,0,0,0,0,0,0,0,0,0
2022-07-28,"SFE-M-4","TAC","3",2023-11-08,"preserved",1,8,9,10,8,30,29,0,0,5,0,0,0,0,0,0,0,0,0,0,0,0,0
2022-08-02,"SFE-M-4","TAC","1",2023-11-09,"preserved",0,7,6,5,4,54,21,0,0,3,0,0,0,0,0,0,0,0,0,0,0,0,0
2022-08-02,"SFE-M-4","TAC","2",2023-11-09,"preserved",0,10,8,6,2,54,18,0,0,2,0,0,0,0,0,0,0,0,0,0,0,0,0
2022-08-02,"SFE-M-4","TAC","3",2023-11-09,"preserved",0,8,6,5,4,56,18,0,0,3,0,0,0,0,0,0,0,0,0,0,0,0,0
2022-08-10,"SFE-M-4","TAC","1",2023-11-13,"preserved",5,16,9,10,4,22,30,0,0,3,0,0,0,0,0,0,0,1,0,0,0,0,0
2022-08-10,"SFE-M-4","TAC","2",2023-11-13,"preserved",7,18,10,12,6,23,13,0,0,11,0,0,0,0,0,0,0,0,0,0,0,0,0
2022-08-10,"SFE-M-4","TAC","3",2023-11-13,"preserved",6,13,8,7,8,28,21,0,0,9,0,0,0,0,0,0,0,0,0,0,0,0,0
2023-07-10,"SFE-M-1S","TAC","1",2023-12-05,"preserved",0,18,6,5,3,2,59,0,0,7,0,0,0,0,0,0,0,0,0,0,0,0,0
2023-07-10,"SFE-M-1S","TAC","2",2023-12-05,"preserved",0,20,7,4,3,5,53,0,0,8,0,0,0,0,0,0,0,0,0,0,0,0,0
2023-07-10,"SFE-M-1S","TAC","3",2023-12-05,"preserved",0,19,8,3,2,6,53,0,0,9,0,0,0,0,0,0,0,0,0,0,0,0,0
2023-07-17,"SFE-M-1S","TAC","1",2023-12-05,"preserved",0,18,8,12,3,20,34,0,0,5,0,0,0,0,0,0,0,0,0,0,0,0,0
2023-07-17,"SFE-M-1S","TAC","2",2023-12-05,"preserved",0.1,15,7,13,3,25.9,30,0,0,6,0,0,0,0,0,0,0,0,0,0,0,0,0
2023-07-17,"SFE-M-1S","TAC","3",2023-12-05,"preserved",0,17,9,10,3,26,28,0,0,7,0,0,0,0,0,0,0,0,0,0,0,0,0
2023-07-24,"SFE-M-1S","TAC","1",2023-12-06,"preserved",0,11,15,17,2,25,20,0,0,7,0,3,0,0,0,0,0,0,0,0,0,0,0
2023-07-24,"SFE-M-1S","TAC","2",2023-12-06,"preserved",0,6,5,8,2,16,60,0,0,3,0,0,0,0,0,0,0,0,0,0,0,0,0
2023-07-24,"SFE-M-1S","TAC","3",2023-12-06,"preserved",0,12,9,10,3,36,23,0,0,7,0,0,0,0,0,0,0,0,0,0,0,0,0
2023-07-31,"SFE-M-1S","TAC","1",2024-03-20,"preserved",6,17,10,10,3,25,19.8,0,0,2,0,0,0,0,0,0,0,3,0.1,0,0.1,4,0
2023-07-31,"SFE-M-1S","TAC","2",2024-03-20,"preserved",8,13,12,14,3,20,12,0,0,4,0,0,0,0,0,0,0,10,1,0,0,3,0
2023-07-31,"SFE-M-1S","TAC","3",2024-03-20,"preserved",5,10,10,20,3,12,31,0,0,2,0,0,0,0,0,0,0,5,1,0,0,1,0
2023-08-07,"SFE-M-1S","TAC","1",2023-12-12,"preserved",3,18,8,10,4,8,28.9,0,0,5,0,15,0,0,0,0,0.1,0,0,0,0,0,0
2023-08-07,"SFE-M-1S","TAC","2",2023-12-12,"preserved",2,20,5,8,3,10,29,0,0,6,0,17,0,0,0,0,0,0,0,0,0,0,0
2023-08-07,"SFE-M-1S","TAC","3",2023-12-12,"preserved",2,15,7,15,3,18,30,0,0,7,0,3,0,0,0,0,0,0,0,0,0,0,0
2023-08-14,"SFE-M-1S","TAC","1",2023-12-14,"preserved",7,12,7,8,3,10,47.9,0.1,0,5,0,0,0,0,0,0,0,0,0,0,0,0,0
2023-08-14,"SFE-M-1S","TAC","2",2023-12-14,"preserved",9,15,10,12,4,13,29.9,0.1,0,7,0,0,0,0,0,0,0,0,0,0,0,0,0
2023-08-14,"SFE-M-1S","TAC","3",2023-12-14,"preserved",10,7,5,8,3,15,44.9,0.1,0,7,0,0,0,0,0,0,0,0,0,0,0,0,0
2023-08-22,"SFE-M-1S","TAC","1",2023-12-15,"preserved",5,30,5,7,4,8,34,0,0,4,0,3,0,0,0,0,0,0,0,0,0,0,0
2023-08-22,"SFE-M-1S","TAC","2",2023-12-15,"preserved",8,26,9,9,5,10,26,0,0,7,0,0,0,0,0,0,0,0,0,0,0,0,0
2023-08-22,"SFE-M-1S","TAC","3",2023-12-15,"preserved",9,22,11,10,5,12,23.9,0.1,0,7,0,0,0,0,0,0,0,0,0,0,0,0,0
2023-08-28,"SFE-M-1S","TAC","1",2023-12-18,"preserved",10,7,4,8,4,47,15,0,0,5,0,0,0,0,0,0,0,0,0,0,0,0,0
2023-08-28,"SFE-M-1S","TAC","2",2023-12-18,"preserved",10,16,5,7,6,9,43,0,0,4,0,0,0,0,0,0,0,0,0,0,0,0,0
2023-08-28,"SFE-M-1S","TAC","3",2023-12-18,"preserved",11,10,5,7,5,8,50,0,0,3,0,0,0,0,0,1,0,0,0,0,0,0,0
2023-09-04,"SFE-M-1S","TAC","1",2023-12-19,"preserved",0,8,4,7,3,5,70,1,0,2,0,0,0,0,0,0,0,0,0,0,0,0,0
2023-09-04,"SFE-M-1S","TAC","2",2023-12-19,"preserved",1,15,4,6,4,7,60,0,0,3,0,0,0,0,0,0,0,0,0,0,0,0,0
2023-09-04,"SFE-M-1S","TAC","3",2023-12-19,"preserved",2,16,6,8,4,10,48,1,0,5,0,0,0,0,0,0,0,0,0,0,0,0,0
2023-09-12,"SFE-M-1S","TAC","1",2023-12-20,"preserved",0.1,20,5,4,3,7,50.8,0,0,3,0,7,0,0,0.1,0,0,0,0,0,0,0,0
2023-09-12,"SFE-M-1S","TAC","2",2023-12-20,"preserved",0.1,21,4,3,5,6,56.9,0,0,4,0,0,0,0,0,0,0,0,0,0,0,0,0
2023-09-12,"SFE-M-1S","TAC","3",2023-12-20,"preserved",0,19,4,2,7,9,17,0,0,10,0,32,0,0,0,0,0,0,0,0,0,0,0
2023-09-18,"SFE-M-1S","TAC","1",2023-12-20,"preserved",0,12,3,2,3,2,70.9,0.1,0,7,0,0,0,0,0,0,0,0,0,0,0,0,0
2023-09-18,"SFE-M-1S","TAC","2",2023-12-20,"preserved",0,15,3,3,4,3,64,0,0,8,0,0,0,0,0,0,0,0,0,0,0,0,0
2023-09-18,"SFE-M-1S","TAC","3",2023-12-20,"preserved",0,17,7,3,5,2,59,0,0,7,0,0,0,0,0,0,0,0,0,0,0,0,0
2023-09-24,"SFE-M-1S","TAC","1",2023-12-21,"preserved",0,20,7,4,5,3,53,0,0,8,0,0,0,0,0,0,0,0,0,0,0,0,0
2023-09-24,"SFE-M-1S","TAC","2",2023-12-21,"preserved",0.1,17,3,3,5,4,62.8,0.1,0,5,0,0,0,0,0,0,0,0,0,0,0,0,0
2023-09-24,"SFE-M-1S","TAC","3",2023-12-21,"preserved",0,8,4,5,5,3,68,0,0,7,0,0,0,0,0,0,0,0,0,0,0,0,0
2023-07-24,"SFE-M-2","TAC","1",2023-12-07,"preserved",0.1,18,7,9,8,12.8,30,0.1,0,15,0,0,0,0,0,0,0,0,0,0,0,0,0
2023-07-24,"SFE-M-2","TAC","2",2023-12-07,"preserved",1,15,10,12,7,7.8,32,0.1,0,15,0,0,0,0,0,0.1,0,0,0,0,0,0,0
2023-07-24,"SFE-M-2","TAC","3",2023-12-07,"preserved",1,17,5,12,6,5.9,38,0.1,0,15,0,0,0,0,0,0,0,0,0,0,0,0,0
2023-07-31,"SFE-M-2","TAC","1",2023-03-20,"preserved",6,12,8,10,3,18.9,23,1,0,3,0,0,0,0,0,0,0,15,0.1,0,0,0,0
2023-07-31,"SFE-M-2","TAC","2",2023-03-20,"preserved",5,13,10,12,4,17,25,2,0,0,0,0,0,0,0,0,0,11,1,0,0,0,0
2023-07-31,"SFE-M-2","TAC","3",2023-03-20,"preserved",6,15,10,10,3,15,28,3,0,0,0,0,0,0,0,0,0,9,1,0,0,0,0
2023-08-07,"SFE-M-2","TAC","1",2023-12-11,"preserved",2,19,3,15,3,5,53,0,0,0,0,0,0,0,0,0,0,0,0,0,0,0,0
2023-08-07,"SFE-M-2","TAC","2",2023-12-11,"preserved",3,25,5,12,4,5,46,0,0,0,0,0,0,0,0,0,0,0,0,0,0,0,0
2023-08-07,"SFE-M-2","TAC","3",2023-12-11,"preserved",1,22,4,12,3,4,54,0,0,0,0,0,0,0,0,0,0,0,0,0,0,0,0
2023-08-14,"SFE-M-2","TAC","1",2024-03-21,"preserved",7,16,9,12,2,17,29.8,0,0,3,0,0,0,0,0,0.1,0,3,1,0,0,0.1,0
2023-08-14,"SFE-M-2","TAC","2",2024-03-21,"preserved",7,17,9,11,3,15,27.8,0.1,0,4,0,0,0,0,0,0,0,5,1,0,0,0.1,0
2023-08-14,"SFE-M-2","TAC","3",2024-03-21,"preserved",5,12,17,11,3,20,24,0,0,3,0,0,0,0,0,0,0,3,2,0,0,0,0
2023-08-22,"SFE-M-2","TAC","1",2023-12-15,"preserved",5,17,7,8,4,3,48.9,0,0,7,0,0,0,0,0,0.1,0,0,0,0,0,0,0
2023-08-22,"SFE-M-2","TAC","2",2023-12-15,"preserved",6,15,6,7,5,4,50,0,0,7,0,0,0,0,0,0,0,0,0,0,0,0,0
2023-08-22,"SFE-M-2","TAC","3",2023-12-15,"preserved",7,13,6,6,5,3,52.8,0.1,0,7,0,0,0,0,0,0.1,0,0,0,0,0,0,0
2023-09-04,"SFE-M-2","TAC","1",2024-03-26,"preserved",1,25,9,7,3,6,35.8,8,0,5,0,0,0,0,0,0.1,0,0,0.1,0,0,0,0
2023-09-04,"SFE-M-2","TAC","2",2024-03-26,"preserved",1,20,12,6,5,5,29.7,15,0,6,0.1,0,0.1,0,0,0.1,0,0,0,0,0,0,0
2023-09-04,"SFE-M-2","TAC","3",2024-03-26,"preserved",0.1,20,15,5,6,5,22.8,16,0,8,0,0,1,0,0,0.1,0,0,1,0,0,0,0
2023-09-18,"SFE-M-2","TAC","1",2024-03-24,"preserved",3,13,16,10,3,4,39,7,0,4,0,0,0,0,0,0,0,0,1,0,0,0,0
2023-09-18,"SFE-M-2","TAC","2",2024-03-24,"preserved",1,13,21,5,3,23,20,8,0,5,0,0,0,0,0,0,0,0,1,0,0,0,0
2023-09-18,"SFE-M-2","TAC","3",2024-03-24,"preserved",3,15,18,6,4,6,33,9,0,5,0,0,0,0,0,0,0,0,1,0,0,0,0
2023-09-24,"SFE-M-2","TAC","1",2024-03-26,"preserved",0.1,20,7,4,3,5,51.8,6,0,3,0,0,0,0,0,0,0,0,0.1,0,0,0,0
2023-09-24,"SFE-M-2","TAC","2",2024-03-26,"preserved",0.1,21,7,6,3,5,46.6,7,0,4,0,0,0.1,0,0,0,0,0,0.1,0,0,0,0.1
2023-09-24,"SFE-M-2","TAC","3",2024-03-26,"preserved",0.1,23,4,5,3,3,49.8,7,0,5,0,0,0,0,0,0,0,0,0.1,0,0,0,0
2023-07-24,"SFE-M-3","TAC","1",2023-12-07,"preserved",0,16,8,15,7,29,18,0,0,5,0,1,1,0,0,0,0,0,0,0,0,0,0
2023-07-24,"SFE-M-3","TAC","2",2023-12-07,"preserved",0,15,8,16,7,20,17,0,0,5,0,3,9,0,0,0,0,0,0,0,0,0,0
2023-07-24,"SFE-M-3","TAC","3",2023-12-07,"preserved",0,18,7,12,7,8,37,0,0,4,0,2,5,0,0,0,0,0,0,0,0,0,0
2023-07-31,"SFE-M-3","TAC","1",2024-03-21,"preserved",6,13,8,12,4,18,26,0,0,2,0,0,5,0,0,0,0,4,1,0,0,1,0
2023-07-31,"SFE-M-3","TAC","2",2024-03-21,"preserved",7,15,7,9,3,18,29,0,0,3,0,0,4,0,0,0,0,3,2,0,0,0,0
2023-07-31,"SFE-M-3","TAC","3",2024-03-21,"preserved",7,7,3,17,2,20,31.8,0,0,1,0,0,4,0,0,0.1,0.1,3,4,0,0,0,0
2023-08-07,"SFE-M-3","TAC","1",2023-12-12,"preserved",2,20,7,10,3,18,32,0,0,0,0,0,8,0,0,0,0,0,0,0,0,0,0
2023-08-07,"SFE-M-3","TAC","2",2023-12-12,"preserved",2,18,10,12,3,15,36.9,0,0,0,0,0,3,0,0,0,0,0,0,0,0.1,0,0
2023-08-07,"SFE-M-3","TAC","3",2023-12-12,"preserved",2,20,9,10,7,12,32,0,0,0,0,0,8,0,0,0,0,0,0,0,0,0,0
2023-08-14,"SFE-M-3","TAC","1",2023-12-14,"preserved",7,20,9,15,6,18,19.8,0,0,5,0,0,0,0,0,0,0.1,0,0,0,0.1,0,0
2023-08-14,"SFE-M-3","TAC","2",2023-12-14,"preserved",4,17,10,11,15,12,22.8,0.1,0,5,0,0,3,0,0,0,0.1,0,0,0,0,0,0
2023-08-14,"SFE-M-3","TAC","3",2023-12-14,"preserved",5,7,9,16,17,11,24.9,0.1,0,8,0,0,2,0,0,0,0,0,0,0,0,0,0
2023-08-22,"SFE-M-3","TAC","1",2023-12-15,"preserved",9,12,8,7,3,10,46,0,0,5,0,0,0,0,0,0,0,0,0,0,0,0,0
2023-08-22,"SFE-M-3","TAC","2",2023-12-15,"preserved",7,15,8,20,5,11,28,0,0,6,0,0,0,0,0,0,0,0,0,0,0,0,0
2023-08-22,"SFE-M-3","TAC","3",2023-12-15,"preserved",10,16,10,20,6,9,21.9,0,0,7,0,0,0,0,0,0,0,0,0,0,0.1,0,0
2023-08-28,"SFE-M-3","TAC","1",2023-12-18,"preserved",0,20,7,12,5,6,40,0,0,10,0,0,0,0,0,0,0,0,0,0,0,0,0
2023-08-28,"SFE-M-3","TAC","2",2023-12-18,"preserved",7,25,10,15,8,12,14,0,0,9,0,0,0,0,0,0,0,0,0,0,0,0,0
2023-08-28,"SFE-M-3","TAC","3",2023-12-18,"preserved",7,21,9,13,7,15,11,0,0,12,0,0,5,0,0,0,0,0,0,0,0,0,0
2023-07-10,"SFE-M-4","TAC","1",2023-12-05,"preserved",0,30,8,6,5,5,43,0,0,3,0,0,0,0,0,0,0,0,0,0,0,0,0
2023-07-10,"SFE-M-4","TAC","2",2023-12-05,"preserved",0.1,32,10,9,4,6,35.9,0,0,3,0,0,0,0,0,0,0,0,0,0,0,0,0
2023-07-10,"SFE-M-4","TAC","3",2023-12-05,"preserved",0.1,35,11,10,4,7,28.9,0,0,4,0,0,0,0,0,0,0,0,0,0,0,0,0
2023-07-17,"SFE-M-4","TAC","1",2023-12-06,"preserved",0,10,10,12,5,7,53,0,0,3,0,0,0,0,0,0,0,0,0,0,0,0,0
2023-07-17,"SFE-M-4","TAC","2",2023-12-06,"preserved",0,15,9,13,6,5,49,0,0,3,0,0,0,0,0,0,0,0,0,0,0,0,0
2023-07-17,"SFE-M-4","TAC","3",2023-12-06,"preserved",0,17,10,15,8,6,40,0,0,4,0,0,0,0,0,0,0,0,0,0,0,0,0
2023-07-24,"SFE-M-4","TAC","1",2023-12-11,"preserved",0,12,9,10,5,10,48,0,0,6,0,0,0,0,0,0,0,0,0,0,0,0,0
2023-07-24,"SFE-M-4","TAC","2",2023-12-11,"preserved",0.1,18,7,15,6,10,35.8,0,0,8,0,0,0,0,0.1,0,0,0,0,0,0,0,0
2023-07-24,"SFE-M-4","TAC","3",2023-12-11,"preserved",0,20,5,18,5,9,34.9,0,0,8,0,0,0,0,0,0,0.1,0,0,0,0,0,0
2023-07-31,"SFE-M-4","TAC","1",2024-03-22,"preserved",5,18,8,19,3,10,22,0,0,2,0,4,0,0,0,0,3,5,1,0,0,0,0
2023-07-31,"SFE-M-4","TAC","2",2024-03-22,"preserved",6,8,7,22,3,5,44.9,0,0,3,0,0,0,0,0,0,0.1,1,0,0,0,0,0
2023-07-31,"SFE-M-4","TAC","3",2024-03-22,"preserved",8,10,8,23,4,9,27,0,0,2,0,0,0,0,0,0,7,1,1,0,0,0,0
2023-08-07,"SFE-M-4","TAC","1",2023-12-12,"preserved",3,15,9,7,3,6,52,0,0,5,0,0,0,0,0,0,0,0,0,0,0,0,0
2023-08-07,"SFE-M-4","TAC","2",2023-12-12,"preserved",5,17,9,8,4,7,43.8,0.1,0,6,0,0,0,0,0,0,0,0,0,0,0.1,0,0
2023-08-07,"SFE-M-4","TAC","3",2023-12-12,"preserved",5,15,10,12,3,6,41.9,0.1,0,7,0,0,0,0,0,0,0,0,0,0,0,0,0
2023-08-14,"SFE-M-4","TAC","1",2023-12-14,"preserved",6,21,7,13,5,25,13,1,0,6,0,0,0,0,0,3,0,0,0,0,0,0,0
2023-08-14,"SFE-M-4","TAC","2",2023-12-14,"preserved",7,16,9,15,8,17,21,1,0,4,0,0,0,0,0,2,0,0,0,0,0,0,0
2023-08-14,"SFE-M-4","TAC","3",2023-12-14,"preserved",9,12,8,16,5,22.9,18,0,0,6,0,0,0,0,0.1,3,0,0,0,0,0,0,0
2023-08-22,"SFE-M-4","TAC","1",2023-12-18,"preserved",2,12,13,15,5,10,29.9,1,0,4,0,0,0,0,0,8,0.1,0,0,0,0,0,0
2023-08-22,"SFE-M-4","TAC","2",2023-12-18,"preserved",2,7,5,8,2,9,57,1,0,3,0,0,0,0,0,6,0,0,0,0,0,0,0
2023-08-22,"SFE-M-4","TAC","3",2023-12-18,"preserved",3,10,5,9,6,7,48,1,0,4,0,0,0,0,0,7,0,0,0,0,0,0,0
2023-07-24,"SFE-SH-1S","TAC","1",2023-12-06,"preserved",0.1,10,11,12,2,31.9,25,0,0,3,0,5,0,0,0,0,0,0,0,0,0,0,0
2023-07-24,"SFE-SH-1S","TAC","2",2023-12-06,"preserved",0.1,15,13,11,5,20.8,30,0.1,0,5,0,0,0,0,0,0,0,0,0,0,0,0,0
2023-07-24,"SFE-SH-1S","TAC","3",2023-12-06,"preserved",0,12,10,9,3,25,33,0,0,3,0,5,0,0,0,0,0,0,0,0,0,0,0
2023-07-31,"SFE-SH-1S","TAC","1",2024-03-19,"preserved",0,12,9,15,2,18,39.8,0,0,3,0,0,0,0,0,0,0.1,0,1,0,0.1,0,0
2023-07-31,"SFE-SH-1S","TAC","2",2024-03-19,"preserved",0,17,7,14,3,11,44,0,0,3,0,0,0,0,0,0,0,0,1,0,0,0,0
2023-07-31,"SFE-SH-1S","TAC","3",2024-03-19,"preserved",0,16,10,15,3,17,31.9,0,0,5,0,0,0,0,0,0,0,1,1,0,0.1,0,0
2023-08-07,"SFE-SH-1S","TAC","1",2024-03-19,"preserved",0.1,9,9,15,2,20,37.9,0,0,3,0,0,0,0,0,0,0,1,3,0,0,0,0
2023-08-07,"SFE-SH-1S","TAC","2",2024-03-19,"preserved",0.1,11,10,20,2,20,29.9,0,0,4,0,0,0,0,0,0,0,1,2,0,0,0,0
2023-08-07,"SFE-SH-1S","TAC","3",2024-03-19,"preserved",0,13,14,25,1,18,23.9,0,0,4,0,0,0,0,0,0,0,1,0,0,0.1,0,0
2023-08-14,"SFE-SH-1S","TAC","1",2023-12-14,"preserved",5,15,9,20,10,5,28,0,0,7,0,0,0,0,0,0,0,0,0,1,0,0,0
2023-08-14,"SFE-SH-1S","TAC","2",2023-12-14,"preserved",4,14,10,16,11,7,6.9,0.1,0,6,0,0,17,0,0,0,0,0,0,8,0,0,0
2023-08-14,"SFE-SH-1S","TAC","3",2023-12-14,"preserved",3,9,10,17,12,8,33.9,0.1,0,7,0,0,0,0,0,0,0,0,0,0,0,0,0
2023-08-22,"SFE-SH-1S","TAC","1",2024-03-19,"preserved",7,6,10,15,3,35.9,16,0.1,0,3,0,0,0,0,0,0,3,0,1,0,0,0,0
2023-08-22,"SFE-SH-1S","TAC","2",2024-03-19,"preserved",3,7,10,16,5,35.9,16,0,0,3,0,0,0,0,0,0,2,1,1,0,0,0.1,0
2023-08-22,"SFE-SH-1S","TAC","3",2024-03-19,"preserved",4,10,14,18,5,27.9,15,0.1,0,4,0,0,0,0,0,0,0,1,1,0,0,0,0
2023-09-18,"SFE-SH-1S","TAC","1",2023-12-20,"preserved",6,10,5,7,3,34,29.9,0,0,5,0,0,0,0,0,0,0,0,0,0.1,0,0,0
2023-09-18,"SFE-SH-1S","TAC","2",2023-12-20,"preserved",5,7,7,5,6,37,27.9,0,0,5,0,0,0,0,0,0,0,0,0,0.1,0,0,0
2023-09-18,"SFE-SH-1S","TAC","3",2023-12-20,"preserved",1,6,7,8,4,45.8,22,0.1,0,5,0,0,0,0,0,0,0,1,0.1,0,0,0,0
2023-09-24,"SFE-SH-1S","TAC","1",2023-12-21,"preserved",2,8,3,5,6,10,54,0,0,7,0,0,0,0,0,0,0,5,0,0,0,0,0
2023-09-24,"SFE-SH-1S","TAC","2",2023-12-21,"preserved",3,9,12,4,5,20,32,0,0,8,0,0,0,0,0,0,0,7,0,0,0,0,0
2023-09-24,"SFE-SH-1S","TAC","3",2023-12-21,"preserved",4,15,5,7,7,18,30.9,0.1,0,8,0,0,0,0,0,0,0,5,0,0,0,0,0
